<?xml version="1.0" encoding="UTF-8"?>
<project xmlns="http://maven.apache.org/POM/4.0.0" xmlns:xsi="http://www.w3.org/2001/XMLSchema-instance" xsi:schemaLocation="http://maven.apache.org/POM/4.0.0 http://maven.apache.org/maven-v4_0_0.xsd">
  <modelVersion>4.0.0</modelVersion>
  <groupId>io.github.mooy1</groupId>
  <artifactId>InfinityExpansion</artifactId>
  <version>MODIFIED</version>
  <build>
    <sourceDirectory>${basedir}/src/main/java</sourceDirectory>
    <defaultGoal>clean package</defaultGoal>
    <resources>
      <resource>
        <filtering>true</filtering>
        <directory>${basedir}/src/main/resources</directory>
      </resource>
      <resource>
        <directory>${basedir}</directory>
        <includes>
          <include>LICENSE</include>
        </includes>
      </resource>
    </resources>
    <finalName>${project.name} v${project.version}</finalName>
    <plugins>
      <plugin>
        <artifactId>maven-surefire-plugin</artifactId>
        <version>3.0.0-M7</version>
        <configuration>
          <junitArtifactName>org.junit.jupiter:junit-jupiter</junitArtifactName>
          <trimStackTrace>false</trimStackTrace>
        </configuration>
      </plugin>
      <plugin>
        <artifactId>maven-shade-plugin</artifactId>
        <version>3.3.0</version>
        <executions>
          <execution>
            <phase>package</phase>
            <goals>
              <goal>shade</goal>
            </goals>
          </execution>
        </executions>
        <configuration>
          <minimizeJar>true</minimizeJar>
          <relocations>
            <relocation>
              <pattern>io.github.mooy1.infinitylib</pattern>
              <shadedPattern>io.github.mooy1.infinityexpansion.infinitylib</shadedPattern>
            </relocation>
          </relocations>
          <filters>
            <filter>
              <artifact>*:*</artifact>
              <excludes>
                <exclude>META-INF/*</exclude>
              </excludes>
            </filter>
          </filters>
        </configuration>
      </plugin>
    </plugins>
  </build>
  <repositories>
    <repository>
      <id>spigot-repo</id>
      <url>https://hub.spigotmc.org/nexus/content/repositories/snapshots/</url>
    </repository>
    <repository>
      <id>papermc</id>
      <url>https://repo.papermc.io/repository/maven-public/</url>
    </repository>
    <repository>
      <id>jitpack.io</id>
      <url>https://jitpack.io</url>
    </repository>
  </repositories>
  <dependencies>
    <dependency>
      <groupId>org.spigotmc</groupId>
      <artifactId>spigot-api</artifactId>
      <version>1.20.2-R0.1-SNAPSHOT</version>
      <scope>provided</scope>
    </dependency>
    <dependency>
      <groupId>com.github.Slimefun</groupId>
      <artifactId>Slimefun4</artifactId>
      <version>934ab822a6</version>
      <scope>provided</scope>
    </dependency>
    <dependency>
      <groupId>org.projectlombok</groupId>
      <artifactId>lombok</artifactId>
      <version>1.18.24</version>
      <scope>provided</scope>
    </dependency>
    <dependency>
      <groupId>com.google.code.findbugs</groupId>
      <artifactId>jsr305</artifactId>
      <version>3.0.2</version>
      <scope>provided</scope>
    </dependency>
    <dependency>
      <groupId>org.junit.jupiter</groupId>
      <artifactId>junit-jupiter</artifactId>
      <version>5.8.2</version>
      <scope>test</scope>
      <exclusions>
        <exclusion>
          <artifactId>junit-jupiter-api</artifactId>
          <groupId>org.junit.jupiter</groupId>
        </exclusion>
        <exclusion>
          <artifactId>junit-jupiter-params</artifactId>
          <groupId>org.junit.jupiter</groupId>
        </exclusion>
        <exclusion>
          <artifactId>junit-jupiter-engine</artifactId>
          <groupId>org.junit.jupiter</groupId>
        </exclusion>
      </exclusions>
    </dependency>
    <dependency>
      <groupId>com.github.seeseemelk</groupId>
      <artifactId>MockBukkit-v1.19</artifactId>
      <version>2.29.0</version>
      <scope>test</scope>
      <exclusions>
        <exclusion>
          <artifactId>paper-api</artifactId>
          <groupId>io.papermc.paper</groupId>
        </exclusion>
        <exclusion>
          <artifactId>hamcrest-library</artifactId>
          <groupId>org.hamcrest</groupId>
        </exclusion>
        <exclusion>
          <artifactId>adventure-platform-bungeecord</artifactId>
          <groupId>net.kyori</groupId>
        </exclusion>
        <exclusion>
          <artifactId>annotations</artifactId>
          <groupId>org.jetbrains</groupId>
        </exclusion>
        <exclusion>
          <artifactId>maven-resolver-provider</artifactId>
          <groupId>org.apache.maven</groupId>
        </exclusion>
        <exclusion>
          <artifactId>maven-resolver-connector-basic</artifactId>
          <groupId>org.apache.maven.resolver</groupId>
        </exclusion>
        <exclusion>
          <artifactId>maven-resolver-transport-http</artifactId>
          <groupId>org.apache.maven.resolver</groupId>
        </exclusion>
      </exclusions>
    </dependency>
  </dependencies>
  <properties>
    <maven.compiler.target>1.8</maven.compiler.target>
    <maven.compiler.source>1.8</maven.compiler.source>
    <project.build.sourceEncoding>UTF-8</project.build.sourceEncoding>
  </properties>
</project>
